{
  "auc": 0.9995592592592594,
  "eer": 0.010555555555543827,
  "eer_threshold": 0.5009184088511369,
  "far": 0.011111111111098766,
  "frr": 0.00999999999998889,
  "acc": 0.9894444444444445
}