{
  "dataset": "ORL",
  "model": "SVM RBF |e1-e2| 512D + Calibration Platt",
  "auc": 0.9995160493827161,
  "eer": 0.00999999999998889,
  "eer_threshold": 0.3245636039998453,
  "far": 0.00999999999998889,
  "frr": 0.00999999999998889,
  "accuracy": 0.99,
  "cv_auc_mean": 1.0,
  "cv_auc_std": 0.0,
  "brier_score": 0.01140042532096247,
  "ece": 0.02223231862191888,
  "best_C": 10,
  "best_gamma": "0.001",
  "margin": 0.15,
  "tlow": 0.1745636039998453,
  "thigh": 0.4745636039998453,
  "n_train": 1890,
  "n_test": 1800,
  "feature_dim": 512,
  "zones": {
    "accepte": 883,
    "incertain": 46,
    "rejete": 871,
    "total": 1800
  }
}